{
  "baseline_top50": [
    "v10_7872",
    "v10_2646",
    "v10_9978",
    "v10_7877",
    "v10_8467",
    "v10_7716",
    "v10_9505",
    "v10_7159",
    "v10_6587",
    "v10_694",
    "v10_9017",
    "v10_3616",
    "v10_3815",
    "v10_7834",
    "v10_861",
    "v10_9881",
    "v10_263",
    "v10_9398",
    "v10_8640",
    "v10_3448",
    "v10_462",
    "v10_4560",
    "v10_6460",
    "v10_996",
    "v10_3365",
    "v10_9501",
    "v10_908",
    "v10_9554",
    "v10_3178",
    "v10_9837",
    "v10_1128",
    "v10_4478",
    "v10_608",
    "v10_4139",
    "v10_1472",
    "v10_4780",
    "v10_8638",
    "v10_4793",
    "v10_872",
    "v10_841",
    "v10_3839",
    "v10_7556",
    "v10_1729",
    "v10_3986",
    "v10_9031",
    "v10_6310",
    "v10_9026",
    "v10_8592",
    "v10_8005",
    "v10_7371"
  ],
  "train_cutoff_bar_baseline": 2058591,
  "arms": {
    "shift_minus_180d": {
      "top50": [
        "v10_2646",
        "v10_7872",
        "v10_3815",
        "v10_7877",
        "v10_694",
        "v10_3448",
        "v10_7716",
        "v10_9505",
        "v10_9554",
        "v10_908",
        "v10_462",
        "v10_3616",
        "v10_9398",
        "v10_9978",
        "v10_7159",
        "v10_7834",
        "v10_6460",
        "v10_8467",
        "v10_8640",
        "v10_861",
        "v10_263",
        "v10_6587",
        "v10_3986",
        "v10_1128",
        "v10_915",
        "v10_4560",
        "v10_608",
        "v10_3178",
        "v10_8638",
        "v10_9026",
        "v10_3365",
        "v10_996",
        "v10_7726",
        "v10_9501",
        "v10_5223",
        "v10_4478",
        "v10_9837",
        "v10_9017",
        "v10_9881",
        "v10_7805",
        "v10_2087",
        "v10_4158",
        "v10_4139",
        "v10_147",
        "v10_1472",
        "v10_4991",
        "v10_4793",
        "v10_7362",
        "v10_8115",
        "v10_8544"
      ],
      "n_gated_combos": 3876,
      "n_eligible_combos": 4338,
      "train_cutoff_bar": 1884077,
      "years_span": 5.3147102441250285,
      "shift_days": -180,
      "was_clipped": false,
      "jaccard": 0.639344262295082
    },
    "shift_minus_90d": {
      "top50": [
        "v10_7872",
        "v10_2646",
        "v10_694",
        "v10_7877",
        "v10_9505",
        "v10_3815",
        "v10_3448",
        "v10_7716",
        "v10_9978",
        "v10_462",
        "v10_3616",
        "v10_908",
        "v10_7159",
        "v10_6587",
        "v10_8467",
        "v10_9554",
        "v10_8640",
        "v10_861",
        "v10_9398",
        "v10_4478",
        "v10_6460",
        "v10_4780",
        "v10_7834",
        "v10_1128",
        "v10_263",
        "v10_9017",
        "v10_608",
        "v10_996",
        "v10_4139",
        "v10_4560",
        "v10_3178",
        "v10_9501",
        "v10_3365",
        "v10_915",
        "v10_3986",
        "v10_9197",
        "v10_1472",
        "v10_8638",
        "v10_9026",
        "v10_9837",
        "v10_147",
        "v10_9881",
        "v10_7726",
        "v10_4158",
        "v10_8435",
        "v10_4793",
        "v10_6149",
        "v10_7362",
        "v10_8544",
        "v10_6091"
      ],
      "n_gated_combos": 3821,
      "n_eligible_combos": 4393,
      "train_cutoff_bar": 1971334,
      "years_span": 5.560892463305194,
      "shift_days": -90,
      "was_clipped": false,
      "jaccard": 0.6666666666666666
    },
    "baseline": {
      "top50": [
        "v10_7872",
        "v10_2646",
        "v10_9978",
        "v10_7877",
        "v10_8467",
        "v10_7716",
        "v10_9505",
        "v10_7159",
        "v10_6587",
        "v10_694",
        "v10_9017",
        "v10_3616",
        "v10_3815",
        "v10_7834",
        "v10_861",
        "v10_9881",
        "v10_263",
        "v10_9398",
        "v10_8640",
        "v10_3448",
        "v10_462",
        "v10_4560",
        "v10_6460",
        "v10_996",
        "v10_3365",
        "v10_9501",
        "v10_908",
        "v10_9554",
        "v10_3178",
        "v10_9837",
        "v10_1128",
        "v10_4478",
        "v10_608",
        "v10_4139",
        "v10_1472",
        "v10_4780",
        "v10_8638",
        "v10_4793",
        "v10_872",
        "v10_841",
        "v10_3839",
        "v10_7556",
        "v10_1729",
        "v10_3986",
        "v10_9031",
        "v10_6310",
        "v10_9026",
        "v10_8592",
        "v10_8005",
        "v10_7371"
      ],
      "n_gated_combos": 3771,
      "n_eligible_combos": 4443,
      "train_cutoff_bar": 2058591,
      "years_span": 5.8056201992546965
    },
    "shift_plus_90d": {
      "top50": [
        "v10_7872",
        "v10_2646",
        "v10_263",
        "v10_694",
        "v10_7877",
        "v10_8640",
        "v10_9978",
        "v10_8467",
        "v10_9017",
        "v10_7834",
        "v10_7716",
        "v10_4560",
        "v10_9398",
        "v10_3616",
        "v10_7159",
        "v10_6587",
        "v10_462",
        "v10_861",
        "v10_1729",
        "v10_6460",
        "v10_9505",
        "v10_996",
        "v10_3448",
        "v10_9837",
        "v10_8592",
        "v10_3365",
        "v10_3815",
        "v10_9881",
        "v10_9554",
        "v10_1128",
        "v10_4780",
        "v10_8638",
        "v10_3178",
        "v10_908",
        "v10_608",
        "v10_3547",
        "v10_3350",
        "v10_5702",
        "v10_4991",
        "v10_5518",
        "v10_9026",
        "v10_3707",
        "v10_4793",
        "v10_7685",
        "v10_841",
        "v10_5022",
        "v10_9501",
        "v10_7664",
        "v10_1472",
        "v10_6149"
      ],
      "n_gated_combos": 3716,
      "n_eligible_combos": 4498,
      "train_cutoff_bar": 2145848,
      "years_span": 6.058105179101072,
      "shift_days": 90,
      "was_clipped": false,
      "jaccard": 0.6666666666666666
    },
    "shift_plus_180d": {
      "top50": [
        "v10_7872",
        "v10_2646",
        "v10_694",
        "v10_7877",
        "v10_263",
        "v10_6378",
        "v10_8640",
        "v10_9017",
        "v10_7716",
        "v10_7834",
        "v10_9978",
        "v10_8467",
        "v10_7159",
        "v10_3616",
        "v10_6587",
        "v10_9505",
        "v10_4560",
        "v10_9554",
        "v10_4780",
        "v10_861",
        "v10_1729",
        "v10_3448",
        "v10_6460",
        "v10_9837",
        "v10_9398",
        "v10_8638",
        "v10_8592",
        "v10_3815",
        "v10_9026",
        "v10_462",
        "v10_7685",
        "v10_3178",
        "v10_4991",
        "v10_3350",
        "v10_608",
        "v10_996",
        "v10_908",
        "v10_5518",
        "v10_6149",
        "v10_1128",
        "v10_9031",
        "v10_3707",
        "v10_5022",
        "v10_3365",
        "v10_3547",
        "v10_3839",
        "v10_9501",
        "v10_7556",
        "v10_147",
        "v10_7036"
      ],
      "n_gated_combos": 3665,
      "n_eligible_combos": 4549,
      "train_cutoff_bar": 2233105,
      "years_span": 6.305688645524374,
      "shift_days": 180,
      "was_clipped": false,
      "jaccard": 0.639344262295082
    }
  },
  "jaccard_mean": 0.6530054644808743,
  "jaccard_min": 0.639344262295082,
  "jaccard_values": [
    0.639344262295082,
    0.6666666666666666,
    0.6666666666666666,
    0.639344262295082
  ],
  "shifts_days": [
    -180,
    -90,
    90,
    180
  ],
  "bars_per_day": 969.5195997654606,
  "total_bars": 2573239,
  "min_trades_gate": 500,
  "top_k": 50,
  "cost_per_contract_rt": 5.0,
  "years_span_train_baseline": 5.8056,
  "source_parquet": "data\\ml\\mfe\\ml_dataset_v10_mfe.parquet",