{
  "version": "V1",
  "n_trades": 52187,
  "n_sims": 10000,
  "seed": 42,
  "bootstrap_method": "iid",
  "max_drawdown": {
    "p50": 61653.25,
    "p90": 92730.90000000002,
    "p95": 101219.59999999998,
    "p99": 118563.48000000001,
    "worst": 151132.0
  },
  "var_trade_pnl": -76.5,
  "cvar_trade_pnl": -192.84031214312904,
  "risk_of_ruin_prob": 0.9775,
  "ruin_definition": "max_drawdown >= 50% of starting equity ($25000)",
  "notes": "IID bootstrap on trade net_pnl_dollars; horizon = n_trades per path; VaR/CVaR at 5th percentile trade-level"
}