{
  "features_path": "data\\ml\\ml1_results_v12\\combo_features_v12.parquet",
  "min_trades": 500,
  "top_k": 50,
  "jaccard_gate": 0.8,
  "pool_sizes": {
    "total_combos": 13814,
    "eligible_combos": 13814
  },
  "per_basket_stats": {
    "A_audit_full_net": {
      "col": "audit_full_net_sharpe",
      "top_k_range": [
        0.09055541937040308,
        0.7355556446025192
      ],
      "top_k_median_production_rank_sharpe": 0.17704821051871739,
      "top_k_median_audit_n_trades": 1019.0,
      "top_k_median_target_median_wf": 0.18625519249276518
    },
    "B_median_wf": {
      "col": "target_median_wf_sharpe",
      "top_k_range": [
        0.207655776028773,
        0.8587337903959076
      ],
      "top_k_median_production_rank_sharpe": 0.06774042984213574,
      "top_k_median_audit_n_trades": 989.0,
      "top_k_median_target_median_wf": 0.30147805390171023
    },
    "C_robust": {
      "col": "target_robust_sharpe",
      "top_k_range": [
        -0.24898424411594594,
        0.4281903429549948
      ],
      "top_k_median_production_rank_sharpe": 0.08388094756943484,
      "top_k_median_audit_n_trades": 1054.5,
      "top_k_median_target_median_wf": 0.286335852762993
    }
  },
  "jaccard_matrix": {
    "A_audit_full_net": {
      "A_audit_full_net": 1.0,
      "B_median_wf": 0.2987012987012987,
      "C_robust": 0.3157894736842105
    },
    "B_median_wf": {
      "A_audit_full_net": 0.2987012987012987,
      "B_median_wf": 1.0,
      "C_robust": 0.5384615384615384
    },
    "C_robust": {
      "A_audit_full_net": 0.3157894736842105,
      "B_median_wf": 0.5384615384615384,
      "C_robust": 1.0
    }
  },
  "spearman_matrix": {
    "A_audit_full_net": {
      "A_audit_full_net": 1.0,
      "B_median_wf": 0.9970893168145589,
      "C_robust": 0.9955852089260182
    },
    "B_median_wf": {
      "A_audit_full_net": 0.9970893168145589,
      "B_median_wf": 1.0,
      "C_robust": 0.997594314571613
    },
    "C_robust": {
      "A_audit_full_net": 0.9955852089260182,
      "B_median_wf": 0.997594314571613,
      "C_robust": 1.0
    }
  },
  "gate": {
    "jaccard_A_B": 0.2987012987012987,
    "jaccard_A_C": 0.3157894736842105,
    "passed": false,
    "next_action": "proceed to Phase 1"
  },
  "baskets": {
    "A_audit_full_net": [
      "v11_10455",
      "v11_10619",
      "v11_10676",
      "v11_11082",
      "v11_11149",
      "v11_11204",
      "v11_11601",
      "v11_12101",
      "v11_13353",
      "v11_13928",
      "v11_14258",
      "v11_14392",
      "v11_15760",
      "v11_16301",
      "v11_17580",
      "v11_17684",
      "v11_17782",
      "v11_18280",
      "v11_20470",
      "v11_20714",
      "v11_22301",
      "v11_23634",
      "v11_23889",
      "v11_24300",
      "v11_25286",
      "v11_263",
      "v11_2646",
      "v11_26614",
      "v11_27712",
      "v11_28169",
      "v11_28428",
      "v11_29033",
      "v11_29351",
      "v11_3350",
      "v11_3616",
      "v11_4057",
      "v11_4732",
      "v11_4991",
      "v11_5022",
      "v11_6587",
      "v11_694",
      "v11_7834",
      "v11_7872",
      "v11_7877",
      "v11_8592",
      "v11_8638",
      "v11_8640",
      "v11_872",
      "v11_8982",
      "v11_9978"
    ],
    "B_median_wf": [
      "v11_10619",
      "v11_10676",
      "v11_10964",
      "v11_11149",
      "v11_11601",
      "v11_11653",
      "v11_12137",
      "v11_12601",
      "v11_13182",
      "v11_13696",
      "v11_14258",
      "v11_14444",
      "v11_15760",
      "v11_15946",
      "v11_1729",
      "v11_17580",
      "v11_18020",
      "v11_19021",
      "v11_20253",
      "v11_20470",
      "v11_20714",
      "v11_21338",
      "v11_22830",
      "v11_23558",
      "v11_23634",
      "v11_24129",
      "v11_2646",
      "v11_26580",
      "v11_26614",
      "v11_26715",
      "v11_27291",
      "v11_28470",
      "v11_28573",
      "v11_29003",
      "v11_29143",
      "v11_3350",
      "v11_3616",
      "v11_391",
      "v11_4991",
      "v11_6310",
      "v11_694",
      "v11_7726",
      "v11_7872",
      "v11_7877",
      "v11_8592",
      "v11_8640",
      "v11_872",
      "v11_8982",
      "v11_9031",
      "v11_9978"
    ],
    "C_robust": [
      "v11_10619",
      "v11_11149",
      "v11_11601",
      "v11_12137",
      "v11_14258",
      "v11_14444",
      "v11_147",
      "v11_15256",
      "v11_15613",
      "v11_15760",
      "v11_17091",
      "v11_1729",
      "v11_17580",
      "v11_17782",
      "v11_18020",
      "v11_20253",
      "v11_20714",
      "v11_21338",
      "v11_23558",
      "v11_23634",
      "v11_24300",
      "v11_26209",
      "v11_263",
      "v11_2646",
      "v11_26580",
      "v11_26614",
      "v11_27291",
      "v11_28169",
      "v11_28367",
      "v11_28470",
      "v11_28573",
      "v11_29143",
      "v11_3350",
      "v11_391",
      "v11_4158",
      "v11_4808",
      "v11_4991",
      "v11_608",
      "v11_6310",
      "v11_6460",
      "v11_694",
      "v11_7726",
      "v11_7834",
      "v11_7872",
      "v11_7877",
      "v11_8592",
      "v11_8640",
      "v11_872",
      "v11_9031",
      "v11_9978"
    ]
  },
  "symmetric_difference_A_vs_B": {
    "a_only": [
      "v11_10455",
      "v11_11082",
      "v11_11204",
      "v11_12101",
      "v11_13353",
      "v11_13928",
      "v11_14392",
      "v11_16301",
      "v11_17684",
      "v11_17782",
      "v11_18280",
      "v11_22301",
      "v11_23889",
      "v11_24300",
      "v11_25286",
      "v11_263",
      "v11_27712",
      "v11_28169",
      "v11_28428",
      "v11_29033",
      "v11_29351",
      "v11_4057",
      "v11_4732",
      "v11_5022",
      "v11_6587",
      "v11_7834",
      "v11_8638"
    ],
    "b_only": [
      "v11_10964",
      "v11_11653",
      "v11_12137",
      "v11_12601",
      "v11_13182",
      "v11_13696",
      "v11_14444",
      "v11_15946",
      "v11_1729",
      "v11_18020",
      "v11_19021",
      "v11_20253",
      "v11_21338",
      "v11_22830",
      "v11_23558",
      "v11_24129",
      "v11_26580",
      "v11_26715",
      "v11_27291",
      "v11_28470",
      "v11_28573",
      "v11_29003",
      "v11_29143",
      "v11_391",
      "v11_6310",
      "v11_7726",
      "v11_9031"
    ]
  }
}