{
  "source_features": "data/ml/ml1_results_v11/combo_features_v11.parquet",
  "source_models_dir": "data/ml/ml1_results_v11/models",
  "ranking_metric": "UCB(p50, p90, p10, kappa=0.0)",
  "kappa": 0.0,
  "min_trades": 500,
  "top_k": 10,
  "pool_sizes": {
    "total_combos": 4656,
    "eligible_combos": 4656,
    "rejected_min_trades": 0
  },
  "regression_checks": {
    "v10_9264_rank": 4605,
    "v10_9264_percentile": 0.9890463917525774
  },
  "top": [
    {
      "global_combo_id": "v10_9017",
      "predicted_point": 0.6834051816070132,
      "predicted_p10": 0.11608800012730702,
      "predicted_p50": 0.6339498750488315,
      "predicted_p90": 0.724535836445881,
      "ucb_score": 0.6339498750488315,
      "realised": {
        "n_trades": 1975,
        "gross_win_rate": 0.3534177215189873,
        "gross_sharpe": 1.2558099049368874,
        "target_net_sharpe": 0.6495122121505565,
        "gross_net_sharpe_gap": 0.6062976927863308,
        "median_stop_pts": 63.67643604631303,
        "median_hold_bars": 283.0,
        "median_mfe_pts": 51.5,
        "median_mae_pts": -43.25,
        "cost_as_pct_of_edge": 0.4827941636730452
      },
      "parameters": {
        "z_band_k": 1.5392239446213969,
        "z_window": 17.0,
        "volume_zscore_window": 25.0,
        "ema_fast": 12.0,
        "ema_slow": 43.0,
        "stop_method": "fixed",
        "stop_fixed_pts": 63.67643604631277,
        "atr_multiplier": null,
        "swing_lookback": null,
        "min_rr": 3.031611026417619,
        "exit_on_opposite_signal": 0,
        "use_breakeven_stop": 1,
        "max_hold_bars": 720.0,
        "zscore_confirmation": 0,
        "z_input": "close",
        "z_anchor": "ema_slow",
        "z_denom": "parkinson",
        "z_type": "parametric",
        "z_window_2": 0.0,
        "z_window_2_weight": 0.0,
        "volume_entry_threshold": 0.0,
        "vol_regime_lookback": 0.0,
        "vol_regime_min_pct": 0.0,
        "vol_regime_max_pct": 1.0,
        "session_filter_mode": "2",
        "tod_exit_hour": 0.0,
        "stop_fixed_pts_resolved": 63.6764
      }
    },
    {
      "global_combo_id": "v10_7877",
      "predicted_point": 0.7892671070677646,
      "predicted_p10": 0.11703822853853081,
      "predicted_p50": 0.6247184944655321,
      "predicted_p90": 0.9043440388626663,
      "ucb_score": 0.6247184944655321,
      "realised": {
        "n_trades": 2281,
        "gross_win_rate": 0.45506356861025865,
        "gross_sharpe": 1.4440252243384448,
        "target_net_sharpe": 0.9704909313362237,
        "gross_net_sharpe_gap": 0.47353429300222116,
        "median_stop_pts": 86.57140012180025,
        "median_hold_bars": 480.0,
        "median_mfe_pts": 62.5,
        "median_mae_pts": -60.25,
        "cost_as_pct_of_edge": 0.3279266075280386
      },
      "parameters": {
        "z_band_k": 1.6941648426187594,
        "z_window": 6.0,
        "volume_zscore_window": 15.0,
        "ema_fast": 17.0,
        "ema_slow": 36.0,
        "stop_method": "fixed",
        "stop_fixed_pts": 86.57140012180056,
        "atr_multiplier": null,
        "swing_lookback": null,
        "min_rr": 4.107339832010625,
        "exit_on_opposite_signal": 0,
        "use_breakeven_stop": 0,
        "max_hold_bars": 480.0,
        "zscore_confirmation": 0,
        "z_input": "returns",
        "z_anchor": "rolling_mean",
        "z_denom": "rolling_std",
        "z_type": "parametric",
        "z_window_2": 25.0,
        "z_window_2_weight": 0.4601057040378478,
        "volume_entry_threshold": 0.0,
        "vol_regime_lookback": 0.0,
        "vol_regime_min_pct": 0.0,
        "vol_regime_max_pct": 1.0,
        "session_filter_mode": "2",
        "tod_exit_hour": 0.0,
        "stop_fixed_pts_resolved": 86.5714
      }
    },
    {
      "global_combo_id": "v10_7872",
      "predicted_point": 0.7809248208908406,
      "predicted_p10": 0.11961047663694217,
      "predicted_p50": 0.6190969756052441,
      "predicted_p90": 0.8746930464582524,
      "ucb_score": 0.6190969756052441,
      "realised": {
        "n_trades": 1315,
        "gross_win_rate": 0.13840304182509505,
        "gross_sharpe": 1.2562973807616487,
        "target_net_sharpe": 1.0241027525749298,
        "gross_net_sharpe_gap": 0.23219462818671888,
        "median_stop_pts": 88.91321060437622,
        "median_hold_bars": 661.0,
        "median_mfe_pts": 94.5,
        "median_mae_pts": -81.75,
        "cost_as_pct_of_edge": 0.18482457397622493
      },
      "parameters": {
        "z_band_k": 2.0957695404373298,
        "z_window": 29.0,
        "volume_zscore_window": 37.0,
        "ema_fast": 15.0,
        "ema_slow": 59.0,
        "stop_method": "fixed",
        "stop_fixed_pts": 88.91321060437679,
        "atr_multiplier": null,
        "swing_lookback": null,
        "min_rr": 4.561168961989308,
        "exit_on_opposite_signal": 0,
        "use_breakeven_stop": 1,
        "max_hold_bars": 0.0,
        "zscore_confirmation": 0,
        "z_input": "close",
        "z_anchor": "rolling_mean",
        "z_denom": "n/a",
        "z_type": "quantile_rank",
        "z_window_2": 40.0,
        "z_window_2_weight": 0.19398446108916045,
        "volume_entry_threshold": 0.0,
        "vol_regime_lookback": 0.0,
        "vol_regime_min_pct": 0.0,
        "vol_regime_max_pct": 1.0,
        "session_filter_mode": "2",
        "tod_exit_hour": 0.0,
        "stop_fixed_pts_resolved": 88.9132
      }
    },
    {
      "global_combo_id": "v10_3616",
      "predicted_point": 0.7078795729694992,
      "predicted_p10": 0.1044939321587697,
      "predicted_p50": 0.6115714650593655,
      "predicted_p90": 0.7983184217339174,
      "ucb_score": 0.6115714650593655,
      "realised": {
        "n_trades": 2521,
        "gross_win_rate": 0.44942483141610473,
        "gross_sharpe": 1.289223184487491,
        "target_net_sharpe": 0.7790090146467727,
        "gross_net_sharpe_gap": 0.5102141698407183,
        "median_stop_pts": 88.2369097021965,
        "median_hold_bars": 480.0,
        "median_mfe_pts": 64.0,
        "median_mae_pts": -63.5,
        "cost_as_pct_of_edge": 0.39575317600539855
      },
      "parameters": {
        "z_band_k": 2.166343451136083,
        "z_window": 28.0,
        "volume_zscore_window": 26.0,
        "ema_fast": 19.0,
        "ema_slow": 53.0,
        "stop_method": "fixed",
        "stop_fixed_pts": 88.23690970219667,
        "atr_multiplier": null,
        "swing_lookback": null,
        "min_rr": 2.6373737841852516,
        "exit_on_opposite_signal": 0,
        "use_breakeven_stop": 0,
        "max_hold_bars": 480.0,
        "zscore_confirmation": 0,
        "z_input": "returns",
        "z_anchor": "rolling_mean",
        "z_denom": "n/a",
        "z_type": "quantile_rank",
        "z_window_2": 38.0,
        "z_window_2_weight": 0.23646905715954986,
        "volume_entry_threshold": 0.0,
        "vol_regime_lookback": 0.0,
        "vol_regime_min_pct": 0.0,
        "vol_regime_max_pct": 1.0,
        "session_filter_mode": "2",
        "tod_exit_hour": 0.0,
        "stop_fixed_pts_resolved": 88.2369
      }
    },
    {
      "global_combo_id": "v10_7716",
      "predicted_point": 0.6989910621940648,
      "predicted_p10": 0.10498068370465792,
      "predicted_p50": 0.5985326135248055,
      "predicted_p90": 0.729922895988437,
      "ucb_score": 0.5985326135248055,
      "realised": {
        "n_trades": 2596,
        "gross_win_rate": 0.15138674884437597,
        "gross_sharpe": 1.1975339669736131,
        "target_net_sharpe": 0.6382654625355765,
        "gross_net_sharpe_gap": 0.5592685044380367,
        "median_stop_pts": 58.320200596308496,
        "median_hold_bars": 142.0,
        "median_mfe_pts": 61.0,
        "median_mae_pts": -55.125,
        "cost_as_pct_of_edge": 0.46701681944889645
      },
      "parameters": {
        "z_band_k": 2.032968748761831,
        "z_window": 13.0,
        "volume_zscore_window": 24.0,
        "ema_fast": 10.0,
        "ema_slow": 29.0,